υ(7-1),I(7-1),υ(7-8),I(7-8),υ(7-9),I(7-9),NPA1,NPA2,NPA3,NPA4,NPA5,NPA6,NPA7,NPA8,NPA9,NMR1,NMR2,NMR3,NMR4,NMR5,NMR6,NMR7,NMR8,NMR9,A(6-1-7),A(2-1-7),A(1-7-9),A(1-7-8),A(8-7-9),A(7-8-11),A(7-8-10),A(10-8-11),D(6-1-7-8),D(2-1-7-9),D(2-1-7-8),D(5-6-1-7),D(3-2-1-7),D(1-7-8-11),D(9-7-8-11),D(1-7-8-10),D(9-7-8-10),AD(7-8),AD(7-1),AD(6-8),AD(2-7),AD(7-9),fp(1),fm(1),fp(7),fm(7),fp(8),fm(8),fp(9),fm(9),L-R1,B1-R1,B5-R1,L-R2,B1-R2,B5-R2,L-R3,B1-R3,B5-R3,iso
1548.87,28.49,1740.87,154.82,3204.25,0.17,-0.0896,-0.228,-0.2529,-0.2507,-0.2522,-0.2375,-0.186,-0.1188,0.2673,47.5074,53.6883,56.1781,56.4062,57.0727,55.0338,44.7883,53.5902,23.2733,122.8606,118.6113,115.8108,128.3145,115.8586,115.3722,125.89,118.7185,37.2148,33.229,145.2364,179.1259,179.7895,177.7885,3.7468,3.8369,174.6278,1.3429,1.4721,3.1495,2.4725,1.0888,-0.0373,-0.0982,-0.142,-0.0534,-0.1434,-0.2207,-0.0371,-0.0349,4.15,1.5,3.05,3,1.52,2.04,6.28,3.11,3.11,0
1255.79,29.59,1742.91,143.02,3197.87,0,-0.0854,-0.2107,-0.2589,-0.1335,-0.2581,-0.2204,-0.1901,-0.1126,0.2699,47.7499,51.754,53.008,48.6165,53.8002,53.4007,46.382,52.3521,23.3198,122.9969,118.6519,115.7094,128.2708,116.0073,115.284,125.9617,118.7351,36.6819,32.6061,146.0469,178.689,179.3392,177.6803,3.67,3.9464,174.7033,1.3427,1.4714,3.1477,2.4719,1.0886,-0.0529,-0.091,-0.1209,-0.0548,-0.1436,-0.2121,-0.0361,-0.0337,4.15,1.5,3.05,3,1.52,2.04,8.1,1.9,3.16,0
1255.42,3.46,1745.97,61.69,3172.21,20.15,-0.087,-0.2366,-0.2508,-0.2544,-0.2534,-0.2347,-0.2277,-0.0855,0.2554,47.6131,56.2626,56.6283,56.8293,56.42,55.7311,56.4018,33.9129,24.5389,118.8952,122.5829,115.0897,127.7942,117.116,122.2203,122.8442,114.935,149.1056,147.4308,32.6295,179.8384,179.9542,176.5472,3.5141,3.1858,176.7528,1.3406,1.4772,3.7035,2.5259,1.0907,-0.0789,-0.0905,-0.0918,-0.0739,-0.1661,-0.2043,-0.0466,-0.041,4.04,1.5,3.06,4.05,1.88,3.18,6.28,3.11,3.11,0
1289.5,136.03,1740.93,271.1,3205.61,3.42,-0.0988,-0.2223,-0.2535,-0.2447,-0.2522,-0.2233,-0.1724,-0.3397,0.2613,50.3179,51.4335,55.6449,54.089,56.034,60.2456,40.3849,65.8062,23.5637,122.8774,118.5103,116.1394,127.2696,116.591,119.3852,122.5669,118.0478,0.0789,0.0721,179.919,179.9947,179.9938,179.9974,0.0115,0.0022,179.9933,1.3378,1.4685,3.0425,2.4664,1.0896,-0.0302,-0.1182,-0.1408,-0.0226,-0.1597,-0.2456,-0.0369,-0.0313,4.04,1.5,3.06,2.06,1,1,6.28,3.11,3.11,1
1285.57,121.77,1743.25,252.56,3208.32,7.03,-0.0959,-0.2062,-0.2625,-0.0533,-0.2613,-0.2066,-0.1761,-0.3334,0.2638,50.8843,50.1502,55.8899,43.9817,56.0701,58.7114,41.9504,64.7798,23.6318,122.9871,118.542,116.0996,127.2058,116.6947,119.2813,122.6822,118.0365,0.036,0.033,179.9668,179.9977,179.9985,179.9997,0.0001,0.0047,179.9951,1.3375,1.4679,3.0425,2.4659,1.0893,-0.0418,-0.1119,-0.1251,-0.0243,-0.1604,-0.2374,-0.0356,-0.0303,4.05,1.5,3.06,2.06,1,1,7.76,1.5,3.26,1
1287.19,163.13,1741.01,242.11,3207.37,0.25,-0.1137,-0.2044,-0.3239,0.4394,-0.3208,-0.2047,-0.1721,-0.3421,0.2625,54.4777,49.0282,70.0186,23.108,69.6883,57.6103,41.5276,66.4505,23.6079,122.9267,118.5101,116.0699,127.3704,116.5597,119.3219,122.6282,118.0499,0.0016,0.0053,179.9973,179.9941,179.9949,179.996,0.0066,0.0016,179.9958,1.3379,1.4673,3.0446,2.4658,1.0895,-0.0248,-0.1275,-0.1474,-0.0158,-0.1617,-0.2413,-0.0381,-0.031,4.05,1.5,3.06,2.06,1,1,6.91,1.5,3.24,1
1276.11,150.43,1740.05,323.33,3185.12,2.51,-0.1071,-0.2144,-0.2493,-0.0246,-0.2477,-0.2157,-0.1708,-0.3443,0.2607,52.6043,51.0974,55.2569,36.5437,53.659,60.5918,40.2477,66.8507,23.5617,123.1833,118.6441,116.042,127.4416,116.5155,119.3936,122.6179,117.9877,3.1403,2.6755,176.9728,179.891,179.8538,179.8311,0.1842,0.1619,179.485,1.3382,1.467,3.0508,2.4675,1.0897,-0.0245,-0.142,-0.1439,0.0027,-0.1574,-0.2189,-0.0369,-0.029,4.04,1.5,3.06,2.06,1,1,9.53,1.8,4.19,1
1287.99,146.73,1738.59,311.45,3204.93,5.83,-0.1088,-0.2143,-0.253,-0.0262,-0.2472,-0.2166,-0.1703,-0.3452,0.2607,53.286,51.4513,54.9477,41.3539,55.0675,60.4237,40.4526,67.097,23.6284,123.1317,118.7413,116.086,127.399,116.515,119.4094,122.5636,118.0269,0.02,0.023,179.9811,179.9974,179.9991,179.9982,0.0059,0.0052,179.9989,1.3385,1.4668,3.0495,2.4664,1.0897,-0.0232,-0.1423,-0.1466,0.0026,-0.1573,-0.2222,-0.0372,-0.0292,4.04,1.5,3.06,2.06,1,1,7.28,1.53,3.16,1
1299.8,147.73,1745.87,294.6,3186.63,1.62,-0.0927,-0.2207,-0.037,-0.2399,-0.2464,-0.2328,-0.1713,-0.3406,0.2608,50.3045,50.537,43.5538,53.2491,56.1585,63.4653,40.2771,66.1387,23.6127,123.0036,118.2594,116.1252,127.2724,116.6025,119.5516,122.5504,117.8979,0.0227,0.0212,179.9773,179.9984,179.9979,179.9988,0.0027,0.002,179.9966,1.3376,1.4687,3.0443,2.4641,1.0898,-0.0303,-0.1294,-0.1406,-0.0074,-0.1585,-0.2235,-0.0368,-0.0301,4.04,1.5,3.06,2.06,1,1,6.35,1.61,4.29,1
1283.08,92.28,1739.05,230.68,3219.62,3.96,-0.093,-0.0079,-0.2516,-0.24,-0.262,-0.2205,-0.175,-0.338,0.262,50.3808,44.6533,53.608,54.6231,58.4974,58.8606,42.5815,63.9477,22.9908,120.7503,119.9197,117.5968,126.249,116.1507,119.5372,122.3935,118.0635,21.1688,20.1312,159.162,179.4402,179.4171,179.3597,1.3382,1.5303,177.7719,1.3383,1.4705,3.0106,2.4953,1.0884,-0.0287,-0.1461,-0.1505,-0.0035,-0.1592,-0.2188,-0.0347,-0.0297,4.04,1.5,3.06,2.06,1,1,6.35,1.58,4.38,1
1289.45,154.49,1743.44,263.58,3191.38,1.65,-0.0951,-0.2128,-0.2447,0.1468,-0.2436,-0.2134,-0.175,-0.3359,0.2628,51.1959,50.7912,58.8267,50.9922,58.976,59.5052,41.1413,64.9187,23.4717,123.0726,118.5585,116.0271,127.2883,116.6844,119.2706,122.6465,118.0828,2.0531,1.8863,177.9465,179.5514,179.7189,179.9897,0.1578,0.1099,179.722,1.3377,1.4675,3.0458,2.4658,1.0896,-0.0176,-0.1262,0.0068,-0.0037,-0.0143,-0.2116,-0.0031,-0.0279,4.04,1.5,3.06,2.06,1,1,12.18,1.69,4.61,1
1238.84,44.62,1741.36,10.8,3192.71,10.64,-0.0944,-0.2211,-0.2778,0.298,-0.2767,-0.2191,-0.2519,-0.4342,0.2494,50.2423,53.4839,61.5942,35.7518,64.2908,60.8233,47.9183,71.3503,24.4233,122.9541,118.7616,114.5712,126.7066,118.7222,120.5944,122.7483,116.6573,0.1124,0.2699,179.7831,179.8205,179.9081,179.9588,0.0138,0.0702,179.9848,1.3344,1.4754,3.0376,2.4758,1.0892,-0.0215,-0.099,0.006,-0.0573,-0.0186,-0.2623,-0.0038,-0.0352,2.06,1,1,2.06,1,1,12.52,1.51,4.2,0
1266.71,2.89,1765.28,38.61,3167.01,27.85,-0.0744,-0.2391,-0.2536,-0.2612,-0.2526,-0.2462,-0.2769,0.0155,0.2462,45.3562,56.0175,56.5244,58.9838,57.3937,55.4299,58.455,45.0928,24.7084,122.6994,119.1561,114.736,127.9085,117.3348,120.4251,125.114,114.4495,39.3881,35.4437,142.8438,179.618,179.7891,178.7224,3.0284,2.5791,175.67,1.3429,1.477,3.1534,2.4838,1.0902,-0.1297,-0.0327,-0.0332,-0.1582,-0.1538,-0.2228,-0.0417,-0.0412,3,1.52,2.04,3,1.52,2.04,6.28,3.11,3.11,0
1272.35,49.17,1758.75,83.39,3168.25,25.64,-0.041,-0.2366,-0.2024,-0.1944,-0.2062,-0.247,-0.285,0.031,0.2505,37.9738,55.0884,58.508,50.9657,50.4668,54.9984,59.0403,40.56,24.6378,122.7636,118.73,114.6003,127.9144,117.4505,120.262,125.2561,114.4669,37.7582,33.2181,144.5586,179.7271,179.9045,179.0222,3.2558,2.4658,175.2561,1.3438,1.4734,3.1454,2.4795,1.0898,-0.1409,0.005,0.0229,-0.197,-0.0839,-0.2257,-0.0246,-0.0397,3,1.52,2.04,3,1.52,2.04,7.79,1.5,3.16,0
1272.88,3.03,1745.33,123.77,3169.24,20.16,-0.0322,-0.229,-0.2225,0.0329,-0.2199,-0.2376,-0.2891,0.0393,0.2532,35.7654,54.3601,61.1257,40.4459,61.845,54.6468,59.9354,38.1176,24.6115,122.9174,118.6257,114.5461,127.8966,117.5154,120.1515,125.3263,114.5062,37.2944,32.4273,145.1388,179.5559,179.7652,179.2294,3.2669,2.3042,175.1994,1.3442,1.4722,3.146,2.4752,1.0894,-0.1197,0.0351,0.0256,-0.2458,-0.0648,-0.2352,-0.0198,-0.0398,3,1.52,2.04,3,1.52,2.04,7.62,1.5,3.16,0
1271.24,1.98,1761.17,62.92,3169.54,31.67,-0.0648,-0.2291,-0.2297,-0.0792,-0.2284,-0.2371,-0.2805,0.0227,0.2479,43.9508,54.2123,57.5937,51.2351,58.0694,54.4288,59.1404,42.9092,24.6115,123.2006,118.9896,114.5235,128.1418,117.311,120.3013,125.2322,114.4541,37.2701,32.8952,145.2695,179.2384,179.517,178.8074,3.0719,2.5471,175.5736,1.3434,1.4747,3.156,2.48,1.0899,-0.1085,-0.0454,0.0152,-0.1244,-0.0689,-0.2007,-0.02,-0.038,3,1.52,2.04,3,1.52,2.04,10.51,1.8,3.56,0
1272.68,4.98,1736.12,33.5,3163.59,32.5,-0.0733,-0.2306,-0.2382,-0.0803,-0.2396,-0.2387,-0.2777,0.0175,0.2464,45.2547,55.1272,57.0454,49.2357,57.7872,55.8494,58.7373,44.4079,24.6883,123.1115,118.9851,114.5377,128.1863,117.2573,120.3393,125.1628,114.4865,38.0022,33.8727,144.498,179.4306,179.1704,178.4661,3.2013,2.8329,175.4997,1.3432,1.476,3.1582,2.4823,1.0902,-0.1338,-0.038,-0.0237,-0.1475,-0.147,-0.2175,-0.0393,-0.0407,3,1.52,2.04,3,1.52,2.04,11.91,1.89,5.98,0
1336.96,14.07,1767.4,161.63,3190.62,28.28,-0.0481,-0.1822,0.0578,-0.2112,0.0579,-0.1771,-0.2813,-0.1607,0.2543,41.4608,54.4347,36.6086,68.7618,36.5082,60.4939,57.2522,48.805,24.4903,123.2722,118.6116,114.784,126.3251,118.8904,123.7444,120.2337,116.0218,2.87,2.4847,177.2755,179.8666,179.9043,179.9371,0.3115,0.1994,179.552,1.3368,1.4717,3.0349,2.4697,1.089,-0.0072,0.0171,0.0182,-0.2184,-0.0401,-0.2593,-0.0135,-0.0394,3,1.52,2.04,2.06,1,1,6.9,1.5,4.9,0
1321.15,19.09,1757.25,27.86,3204.22,9.69,-0.0453,0.0607,-0.2249,-0.2493,-0.2168,-0.2301,-0.2716,-0.1822,0.2594,49.0266,37.7853,59.2436,56.6254,49.0853,54.6989,55.6155,50.5807,24.3752,120.1057,124.2086,117.3521,123.5725,119.0754,124.0667,119.4978,116.4255,33.4386,29.8439,150.1338,178.4039,176.7693,177.9391,2.0836,3.2503,176.727,1.3365,1.476,2.9965,2.5457,1.0865,-0.0844,0.0016,0.0336,-0.1839,-0.0622,-0.2545,-0.0095,-0.0363,3,1.52,2.04,2.06,1,1,6.34,1.52,4.85,0
1321.31,22.23,1752.51,21.46,3217.06,9.75,-0.029,0.0647,-0.1844,-0.1539,-0.1951,-0.2246,-0.2761,-0.1724,0.2623,45.5713,37.2294,57.4625,50.7771,52.6561,54.5382,56.2127,47.8959,24.3243,120.1193,124.328,117.4222,123.3682,119.2082,124.0276,119.4589,116.5016,32.3348,28.746,150.8288,178.5028,177.1658,178.1647,2.2678,3.1374,176.4301,1.3372,1.4741,2.9869,2.5466,1.0861,-0.0992,0.0174,0.0329,-0.2017,-0.0703,-0.254,-0.0116,-0.0353,3,1.52,2.04,2.06,1,1,8.47,1.59,4.81,0
1250.89,9.9,1764.54,72.43,3205.75,11.04,-0.0244,-0.2117,-0.2002,-0.3481,-0.2064,0.0756,-0.2857,-0.1546,0.2622,44.0431,52.245,52.7685,43.2037,60.136,34.2139,60.5616,41.3374,24.5471,125.0142,118.5944,115.4275,124.6651,119.7135,124.2491,119.5248,116.2198,36.4483,34.7087,140.195,173.3605,175.2914,177.3915,2.6916,1.6591,176.359,1.3358,1.473,3.118,2.4735,1.0885,-0.1049,0.0416,0.0159,-0.2536,-0.0654,-0.2497,-0.0271,-0.0414,3,1.52,2.04,2.06,1,1,8.84,2.45,4.81,0
1263.07,5.02,1762.55,50.48,3194.79,11.64,-0.0813,-0.1134,-0.2602,-0.2449,-0.2505,-0.2283,-0.2825,0.0259,0.2529,45.286,48.5559,52.4436,57.0664,57.9064,51.7599,59.8324,43.2643,24.7292,121.3726,122.0847,115.4646,126.8083,117.7248,120.2883,125.1421,114.5574,44.9028,41.5353,137.8986,178.6873,178.483,177.7818,2.7956,3.5606,175.8621,1.3422,1.4756,3.1355,2.5184,1.0884,-0.1534,-0.0175,-0.0074,-0.177,-0.1442,-0.2237,-0.0365,-0.0365,3,1.52,2.04,3,1.52,2.04,6.37,1.63,4.83,0
1256.68,5.45,1759.15,81.57,3187.55,18.32,-0.0379,-0.2311,-0.219,0.0327,-0.2208,-0.2289,-0.2789,-0.1641,0.2487,38.3991,54.565,60.3488,39.8606,60.8455,61.5796,55.1906,49.7559,24.695,123.1809,118.3929,115.0087,126.451,118.5403,123.937,120.0274,116.0356,0.04,0.0334,179.9594,179.9951,179.9954,179.9967,0.0041,0.0016,179.991,1.3381,1.4709,3.037,2.4696,1.0896,-0.118,0.0039,0.021,-0.1806,-0.0902,-0.2485,-0.0174,-0.0382,3,1.52,2.04,2.06,1,1,7.63,1.5,3.24,1
1551.85,30.69,1739.04,361.56,3198.59,1.52,-0.1036,-0.2187,-0.2537,-0.2403,-0.2518,-0.2192,-0.1533,-0.3584,0.2624,50.7724,51.0397,55.6666,53.0048,55.841,59.5743,35.6235,68.9263,23.3449,122.653,118.5963,115.9856,126.8687,117.1457,119.4303,123.5289,117.0408,0.0142,0.0131,179.9856,179.9991,179.9989,179.9992,0.0005,0.0001,179.9987,1.3396,1.467,3.0299,2.4662,1.0896,-0.0137,-0.1375,-0.1629,-0.0034,-0.1399,-0.2362,-0.0386,-0.031,4.88,1.62,3.42,2.06,1,1,6.28,3.11,3.11,1
1260.22,608.62,1742.25,341.45,3210.46,0.06,-0.1007,-0.2028,-0.2625,-0.0504,-0.2607,-0.2026,-0.1572,-0.3523,0.2648,51.4145,49.7356,55.9256,42.8334,55.9083,58.0797,37.2876,67.8733,23.4221,122.8165,118.5517,115.9552,126.824,117.2208,119.3165,123.6426,117.0409,0.0034,0.0029,179.9968,180,180,179.9999,0.0003,0.0003,180,1.3391,1.4665,3.0313,2.4647,1.0892,-0.0245,-0.1307,-0.1479,-0.0049,-0.1424,-0.2266,-0.0373,-0.0299,4.88,1.62,3.42,2.06,1,1,7.76,1.5,3.26,1
1261.38,582.57,1742.98,342.81,3210.52,2.99,-0.0991,-0.2026,-0.2592,-0.1282,-0.2575,-0.2025,-0.1577,-0.3514,0.2649,51.0106,49.6324,52.433,45.3405,52.5771,58.0165,37.2872,67.7848,23.4302,122.8591,118.5563,115.9339,126.8264,117.2397,119.3419,123.668,116.9901,0.0022,0.0041,179.9986,179.9993,179.9997,179.9996,0.0023,0.0027,180,1.3391,1.4666,3.0322,2.4648,1.0892,-0.0255,-0.1281,-0.1472,-0.006,-0.143,-0.225,-0.0376,-0.0299,4.88,1.62,3.42,2.06,1,1,8.06,1.5,3.24,1
1253.92,219.45,1743.66,130.8,3209.87,1.08,-0.0936,-0.2256,-0.2529,-0.2475,-0.2519,-0.2337,-0.1705,-0.1349,0.2672,48.1853,53.3819,56.1096,55.6314,56.9182,54.7573,40.928,55.0687,23.1403,122.8344,118.5388,115.5811,128.0508,116.3552,115.3178,126.7017,117.9676,35.9626,32.2407,146.3927,179.1897,179.9183,177.6424,3.7332,3.6974,174.927,1.3446,1.471,3.1393,2.4706,1.0888,-0.0183,-0.1167,-0.1654,-0.0327,-0.1258,-0.2101,-0.0377,-0.0346,4.88,1.62,3.42,3,1.52,2.04,6.28,3.11,3.11,1
1254.93,212.62,1745.81,119.83,3206.92,0.3,-0.0909,-0.2086,-0.2621,-0.0548,-0.261,-0.2171,-0.1746,-0.1291,0.2695,48.8757,51.6574,56.2473,45.1225,57.0579,53.2785,42.5887,53.9033,23.2029,122.9551,118.5606,115.5217,127.9811,116.4851,115.2184,126.7785,117.9903,35.4874,31.6798,146.9976,179.1036,179.7947,177.6876,3.6459,3.6473,175.0191,1.3443,1.4704,3.1372,2.4699,1.0886,-0.0315,-0.1103,-0.1467,-0.034,-0.128,-0.2025,-0.0366,-0.0334,4.88,1.62,3.42,3,1.52,2.04,7.76,1.5,3.26,1
1255.45,189.54,1746.55,119.88,3203.49,0.35,-0.0893,-0.2084,-0.2588,-0.1317,-0.2577,-0.2167,-0.1751,-0.1285,0.2697,48.4677,51.4969,52.9308,47.7509,53.6394,53.1394,42.6498,53.702,23.1952,122.9515,118.6029,115.4903,128.0188,116.4823,115.1991,126.8042,117.9854,35.3285,31.5362,147.3559,178.6806,179.3925,177.3934,3.7239,3.8616,175.0211,1.3443,1.4704,3.1371,2.4704,1.0886,-0.0325,-0.1074,-0.1457,-0.0354,-0.1286,-0.2015,-0.0369,-0.0334,4.88,1.62,3.42,3,1.52,2.04,8.09,1.72,3.36,1
1338.17,378.38,1743.35,127.3,3208.46,1.4,-0.1088,-0.2071,-0.3225,0.4368,-0.3218,-0.2155,-0.1705,-0.1358,0.2679,52.5997,50.5781,69.9914,24.1139,70.8883,52.3523,41.9645,55.4378,23.1771,122.9834,118.4629,115.5136,128.1101,116.3631,115.264,126.6775,118.044,35.2177,31.4685,147.1492,179.2856,179.981,177.7531,3.6392,3.6659,174.9418,1.3447,1.4701,3.1395,2.4692,1.0887,-0.0123,-0.128,-0.1735,-0.0232,-0.1268,-0.2045,-0.0383,-0.0344,4.88,1.62,3.42,3,1.52,2.04,6.92,1.5,3.36,1
1253.33,177.12,1740.31,164.8,3206.72,4.95,-0.1041,-0.2182,-0.2488,-0.0289,-0.2505,-0.2257,-0.1683,-0.1389,0.266,51.295,53.1679,55.2739,42.938,56.0203,54.9355,40.9699,56.0473,23.1915,123.3006,118.6027,115.4563,128.3042,116.2282,115.2998,126.6452,118.0421,34.4513,30.5433,148.1756,178.9243,179.6907,177.5683,3.7211,3.7754,174.9351,1.3452,1.4695,3.1444,2.471,1.0889,-0.0116,-0.1461,-0.1701,-0.0007,-0.1237,-0.1856,-0.0374,-0.0325,4.88,1.62,3.42,3,1.52,2.04,7.28,1.54,3.35,1
1205.87,31.4,1745.47,134.61,3191.69,4.08,-0.0872,-0.2248,-0.0363,-0.2426,-0.2459,-0.2434,-0.1689,-0.1361,0.2668,48.2149,53.0396,44.1439,54.8064,56.9443,57.9121,40.7487,55.3838,23.1895,122.8997,118.3357,115.6055,128.0916,116.2851,115.2603,126.7691,117.9519,36.9301,33.1982,145.1993,179.4425,179.7735,178.242,3.3697,3.3716,175.0167,1.3446,1.4712,3.144,2.4688,1.0889,-0.0182,-0.1345,-0.1657,-0.0103,-0.1244,-0.1873,-0.0379,-0.0336,4.88,1.62,3.42,3,1.52,2.04,6.34,1.61,4.56,1
1248.4,50.99,1742.69,129.19,3199.39,0.39,-0.1,-0.212,-0.2791,0.305,-0.2787,-0.2206,-0.1714,-0.1341,0.2678,51.0419,52.0117,61.3265,34.8772,65.4422,53.2578,41.9088,54.9922,23.1571,123.156,118.3847,115.4227,128.2444,116.3209,115.2121,126.7449,118.0326,34.6029,30.6454,148.0345,179.2376,179.7147,177.65,3.6802,3.5572,175.1125,1.3448,1.47,3.1419,2.4686,1.0887,-0.0202,-0.1237,-0.1605,-0.0235,-0.1267,-0.2027,-0.0375,-0.034,4.88,1.62,3.42,3,1.52,2.04,9.28,1.51,3.87,1
1244.53,151.96,1748.14,129.77,3196.14,0.47,-0.0845,-0.228,-0.1209,-0.0416,-0.2312,-0.2259,-0.1738,-0.1294,0.2696,48.532,50.0562,46.9866,43.802,53.1669,55.8262,42.8206,54.002,23.2721,123.5688,118.1567,115.5714,128.0343,116.3814,115.1208,126.8468,118.0205,35.8534,32.0127,146.6237,178.9418,179.7411,177.794,3.579,3.4929,175.134,1.344,1.4704,3.15,2.4633,1.0886,-0.0249,-0.1199,-0.1558,-0.0216,-0.1282,-0.1908,-0.037,-0.0327,4.88,1.62,3.42,3,1.52,2.04,7.3,1.7,5.05,1
1220.84,19.67,1744.43,149.17,3202.73,1.24,-0.1665,0.4664,-0.3209,-0.0121,-0.267,-0.21,-0.1783,-0.1301,0.2728,64.0539,25.9737,69.9487,39.6523,60.936,53.1223,48.4925,54.4445,23.0328,124.4599,119.2553,116.0274,127.3389,116.633,115.265,126.5798,118.1463,36.3635,32.318,147.3597,177.6313,178.1413,176.2874,4.0365,4.8199,174.8562,1.3443,1.4671,3.1538,2.472,1.0877,-0.015,-0.1441,-0.1625,-0.0111,-0.1277,-0.1897,-0.0353,-0.033,4.88,1.62,3.42,3,1.52,2.04,7.3,1.66,3.71,1
1258.29,14.36,1748.1,20.7,3199.69,4.36,-0.0888,-0.2305,-0.2518,-0.2508,-0.2507,-0.239,-0.1743,-0.1309,0.2694,47.408,55.2082,56.0129,56.2261,56.528,55.5235,42.4086,47.5833,23.1906,122.6844,118.5908,114.9475,127.5635,117.4692,119.1264,126.855,113.9511,46.9457,42.4165,135.9093,178.8099,179.4939,178.1448,3.566,5.036,173.2532,1.3442,1.4773,3.1833,2.4758,1.0879,-0.0117,-0.1443,-0.1817,-0.0158,-0.1246,-0.1828,-0.0405,-0.0366,4.88,1.62,3.42,4.07,1.55,3.16,6.28,3.11,3.11,1
1255.91,267.71,1745.78,96.94,3186.22,0.21,-0.0897,-0.2303,-0.2516,-0.2513,-0.2509,-0.2392,-0.1651,-0.1317,0.2688,47.4397,55.1691,55.964,55.9469,56.5438,55.6534,40.2626,48.6924,23.1636,122.4563,118.7854,115.7622,127.7718,116.4417,115.1245,126.676,118.0233,48.0156,43.6045,134.523,179.0427,179.7532,179.1052,2.7783,5.8495,172.267,1.3437,1.476,3.1866,2.477,1.0893,-0.0111,-0.1365,-0.1843,-0.0217,-0.128,-0.1865,-0.0395,-0.0362,4.88,1.62,3.42,6.38,1.56,4.46,6.28,3.11,3.11,1
1256.77,255.48,1746.23,95.15,3201.46,0.2,-0.0897,-0.2299,-0.2517,-0.2511,-0.251,-0.2389,-0.1667,-0.1299,0.2683,47.5034,54.8175,56.1089,56.0992,56.5552,55.6465,40.4986,48.7034,23.1545,122.746,118.5138,115.5509,128.0447,116.3772,115.1769,126.9348,117.74,46.6479,41.9713,136.0442,178.889,179.5735,179.1446,2.854,5.4158,172.5856,1.3435,1.4758,3.1893,2.4734,1.0892,-0.0128,-0.1304,-0.1804,-0.0264,-0.1279,-0.1905,-0.0392,-0.0358,4.88,1.62,3.42,6.46,1.58,4.69,6.28,3.11,3.11,1
1253.01,261.09,1739.73,167.24,3205.29,0.14,-0.0976,-0.2212,-0.2521,-0.2426,-0.25,-0.2286,-0.1487,-0.1465,0.2706,49.2707,52.3273,55.4126,54.4297,55.9393,56.1783,37.5665,56.2077,23.1413,124.0695,117.4199,114.8677,129.4735,115.5957,115.3311,126.6547,117.985,34.2636,29.4036,147.5438,179.7481,179.5097,179.5415,2.6124,1.5581,175.371,1.3455,1.4704,3.1807,2.4563,1.0891,-0.0098,-0.1397,-0.1758,-0.006,-0.1282,-0.2059,-0.0379,-0.0327,4.88,1.62,3.42,5.6,1.54,3.22,6.28,3.11,3.11,1
1250.34,271.51,1732.06,202.13,3187.18,0.25,-0.1083,-0.2138,-0.248,-0.0236,-0.2488,-0.2199,-0.1469,-0.1509,0.2694,52.5176,52.2943,54.4697,41.497,55.1088,56.0984,37.7469,57.1033,23.21,124.4615,117.5929,114.8266,129.5749,115.5376,115.5065,126.394,118.08,32.0567,27.4738,149.5256,179.8536,179.1217,179.7934,2.8115,1.4389,175.5429,1.3463,1.4686,3.1797,2.4582,1.0893,-0.0037,-0.1633,-0.1792,0.0184,-0.1258,-0.1825,-0.0378,-0.0306,4.88,1.62,3.42,5.61,1.54,3.21,7.28,1.67,3.39,1
1550.87,4.29,1739.97,247.4,3199.01,0.52,-0.0977,-0.2231,-0.2535,-0.2456,-0.2522,-0.2241,-0.1763,-0.3325,0.2609,50.157,51.6593,55.7507,54.2588,56.1039,60.3931,41.9782,65.2494,23.5803,122.7808,118.6343,116.1793,127.1793,116.6414,119.4981,122.4957,118.0062,0.033,0.0319,179.9674,179.9985,179.998,179.9996,0.0003,0.004,179.9953,1.3379,1.4686,3.039,2.4681,1.0896,-0.0313,-0.1113,-0.1379,-0.0298,-0.1603,-0.2423,-0.0364,-0.0311,4.99,1.63,3.4,2.06,1,1,6.28,3.11,3.11,1
1311.43,3.34,1727.68,291.11,3189.7,1.62,-0.0983,-0.2226,-0.2537,-0.2452,-0.2523,-0.2239,-0.1667,-0.3386,0.2615,49.5828,51.5917,55.6577,54.1622,55.9319,60.3111,39.0623,69.1466,23.5162,122.9672,118.469,116.1006,126.9619,116.9358,118.909,121.3801,119.7109,5.0001,4.5956,174.9192,179.5456,179.474,179.8717,0.6171,0.0616,179.4497,1.339,1.4687,3.041,2.4665,1.0892,-0.0252,-0.0086,-0.1449,-0.0821,-0.1595,-0.057,-0.0365,-0.0186,5.04,1.52,4.2,2.06,1,1,6.28,3.11,3.11,1
1560.61,27.39,1753.8,87.34,3167.09,19.12,-0.0376,-0.2336,-0.1947,-0.2054,-0.1929,-0.2421,-0.2794,0.0302,0.2522,38.8208,54.7668,50.988,75.037,51.3941,54.7129,61.6017,33.0138,24.7299,122.7501,118.8171,114.3862,128.2096,117.385,120.1541,125.8006,113.9838,41.2788,36.7312,141.6176,179.1446,179.2921,178.3411,3.3526,4.6877,173.6186,1.3434,1.4753,3.1676,2.4792,1.0902,-0.1593,0.0185,0.0188,-0.2176,-0.1069,-0.229,-0.0316,-0.0387,4.08,1.51,4.47,4.07,1.51,4.47,8.32,1.52,3.36,0
1324.55,9.52,1738.32,357.91,3201.36,0.62,-0.1027,-0.2194,-0.2538,-0.2411,-0.2519,-0.2198,-0.1568,-0.3536,0.2619,50.6707,51.1501,55.7206,53.1555,55.8978,59.5751,36.3665,67.1354,23.3837,122.6704,118.6078,116.032,126.8352,117.1327,119.5755,123.4354,116.9891,0.0155,0.0145,179.9844,179.999,179.9986,179.9995,0.0016,0.0003,179.9985,1.3394,1.4674,3.0299,2.4667,1.0895,-0.015,-0.1338,-0.1604,-0.0067,-0.1398,-0.2378,-0.0382,-0.0311,6.08,2.01,3.57,2.06,1,1,6.28,3.11,3.11,1
1238.35,12.13,1744.58,46.08,3203.92,25.23,-0.0915,-0.2283,-0.2529,-0.249,-0.251,-0.2283,-0.1954,-0.2374,0.2475,49.0442,52.5694,55.5975,55.2191,55.8619,61.359,50.9412,59.7409,23.5376,123.3304,118.2943,114.3634,126.4695,119.1671,125.2384,120.037,114.7245,0.0027,0.0077,179.9972,179.9993,179.998,179.9952,0.0002,0.0084,179.9967,1.342,1.4697,3.0403,2.4654,1.0888,-0.0006,-0.0512,-0.1458,-0.0874,-0.0927,-0.1993,-0.0311,-0.0312,6.28,3.11,3.11,2.06,1,1,5.78,1.5,3.19,1
1245.93,12.55,1761.18,2.37,3173.6,14.82,-0.0856,-0.234,-0.2524,-0.2544,-0.2509,-0.2343,-0.2363,-0.2252,0.2496,48.0596,55.3936,55.7538,56.1331,56.008,60.9152,47.4137,57.9184,24.4363,122.4422,119.0678,115.5417,126.1145,118.3378,122.9371,121.2446,115.8173,16.2905,15.3225,163.7707,178.9252,178.9081,177.8126,3.1169,1.8125,177.258,1.3365,1.4737,3.0326,2.4781,1.0906,-0.0804,-0.0975,-0.0832,-0.0633,-0.1929,-0.2324,-0.0387,-0.0363,8.42,2.74,6.12,2.06,1,1,6.28,3.11,3.11,1
1244.2,3.52,1742.79,9.2,3170.76,16.81,-0.0897,-0.2349,-0.253,-0.255,-0.2516,-0.2331,-0.2514,-0.4355,0.2482,47.835,54.5994,56.0607,56.5352,56.2138,62.4768,47.0747,71.2234,24.4356,122.7984,118.83,114.7163,126.5765,118.705,120.6546,122.6602,116.6843,7.1184,6.4695,172.9785,179.6603,179.6237,179.976,0.5476,0.3267,179.1016,1.3343,1.476,3.036,2.4765,1.0894,-0.088,-0.096,-0.0723,-0.0623,-0.2281,-0.2679,-0.0377,-0.036,2.06,1,1,2.06,1,1,6.28,3.11,3.11,1
